sample,type,phenotype,count,cell_group,proportion
10x_6K,benign,b_cell_macrophage_precursor_or_follicular_LTB_IGKG_CD79a_MS4A1,42,BM,0.008349900596421472
10x_6K,benign,B_cell:immature,361,B1,0.07176938369781312
10x_6K,benign,B_cell:immature_IGLC3_IGLC2,57,B2,0.011332007952286283
10x_6K,benign,B_cell:Memory_ITM2C_IGHA1_MZB1_JCHAIN,40,B3,0.007952286282306162
10x_6K,benign,Dendritic_CD11_CD1_high_mito,75,Dm,0.014910536779324055
10x_6K,benign,HSC_-G-CSF_LMNA,187,H1,0.03717693836978131
10x_6K,benign,HSC_-G-CSF_S100A9_LYZ_S100A8_FCN1_CYBB_LST1,269,H2,0.053479125248508945
10x_6K,benign,HSC_Bcell_mac_precuror?_IRF8,190,H3,0.03777335984095427
10x_6K,benign,Mixed_CD3_close_to_myeloid_IL7R_CD7_CD247_CD14low,123,TM1,0.02445328031809145
10x_6K,benign,Mixed_CD3_close_to_myeloid_TUBA4A,19,TM2,0.0037773359840954273
10x_6K,benign,Monocyte:CD14+_GPR183,32,M1,0.006361829025844931
10x_6K,benign,Monocyte:CD14+_IL1B_CXCL8_inflammatory,165,M2,0.032803180914512925
10x_6K,benign,Monocyte:CD14+_small,17,M3,0.003379721669980119
10x_6K,benign,Monocyte:CD14+_TBPL1,41,M4,0.008151093439363818
10x_6K,benign,Monocyte:CD16-_C14orf2,73,M5,0.014512922465208748
10x_6K,benign,Monocyte:CD16-CD14+_APOBEC3A_C7orf26_JCHAIN,36,M6,0.007157057654075547
10x_6K,benign,Monocyte:CD16-CD14+_LYZ_CD36_CYBB_inflamm,233,M7,0.0463220675944334
10x_6K,benign,Monocyte:CD16-CD14low__PF4_PPBP_monocyte migration,29,M8,0.005765407554671968
10x_6K,benign,Monocyte:CD16+CD14-_Non_classical_ CDKN1C_RHOC,226,M9,0.04493041749502982
10x_6K,benign,NK_cell_PTGDS_IGFBP7_MYOM2_FCER1G_SPON2_FCGR3A,86,NK1,0.01709741550695825
10x_6K,benign,NK_cell:IL2_CD3D_STMN1_TRAC_LTB_IL7R_CD3G_HIST1H4C_CD16-,65,NK2,0.012922465208747515
10x_6K,benign,NK_cell:IL2_KLRC_TRDC_TRGC_IL32_LYAR_CD3D_CD3G_IL7R_CD16-,117,NK3,0.023260437375745527
10x_6K,benign,NK_cells_close_to_myeloid Pre-B_cell_CD34-,128,NKM,0.025447316103379723
10x_6K,benign,pDC_LILRA4_MZB1_ITM2C_IL3LA_TCF4_bcell_develop_PLD4_mac_stim_high_mito,24,Dp,0.004771371769383698
10x_6K,benign,T_cell:CD4+,129,CD4 1,0.025646123260437376
10x_6K,benign,T_cell:CD4+_central_memory_HIST1H4C,178,CD4 2,0.035387673956262425
10x_6K,benign,T_cell:CD4+_central_memory_JUN_FOS_JUNB_DUSP1,701,CD4 3,0.1393638170974155
10x_6K,benign,T_cell:CD4+_central_memory_RPS_RPL,25,TM3,0.004970178926441352
10x_6K,benign,T_cell:CD4+_central_memory_SPINK2,3,CD4 4,5.964214711729623e-4
10x_6K,benign,T_cell:CD4+_effector_memory_KLRB1,147,CD4 5,0.02922465208747515
10x_6K,benign,T_cell:CD8+_GZMH_NKG7_CCL5,431,CD8 1,0.0856858846918489
10x_6K,benign,T_cell:CD8+_GZMK_DUSP2_LYAR_CCL5,231,CD8 2,0.04592445328031809
10x_6K,benign,T_cell:CD8+_non_activated,202,CD8 3,0.040159045725646124
10x_6K,benign,T_cell:CD8+_PPBP_SAT1,82,CD8 4,0.016302186878727636
10x_6K,benign,T_cell:CD8+_S100B,121,CD8 5,0.024055666003976142
10x_6K,benign,T_cell:CD8low_TIMP1_PPBP,145,CD8 6,0.02882703777335984
10x_8K,benign,b_cell_macrophage_precursor_or_follicular_LTB_IGKG_CD79a_MS4A1,87,BM,0.010764662212323682
10x_8K,benign,B_cell:immature,537,B1,0.06644394951744617
10x_8K,benign,B_cell:immature_IGLC3_IGLC2,426,B2,0.05270972531551596
10x_8K,benign,B_cell:Memory_ITM2C_IGHA1_MZB1_JCHAIN,79,B3,0.009774808215788171
10x_8K,benign,Dendritic_CD11_CD1_high_mito,201,Dm,0.024870081662954714
10x_8K,benign,HSC_-G-CSF_LMNA,345,H1,0.042687453600593915
10x_8K,benign,HSC_-G-CSF_S100A9_LYZ_S100A8_FCN1_CYBB_LST1,367,H2,0.04540955209106657
10x_8K,benign,HSC_Bcell_mac_precuror?_IRF8,158,H3,0.019549616431576343
10x_8K,benign,Mixed_CD3_close_to_myeloid_IL7R_CD7_CD247_CD14low,266,TM1,0.03291264538480574
10x_8K,benign,Mixed_CD3_close_to_myeloid_TUBA4A,40,TM2,0.004949269982677555
10x_8K,benign,Monocyte:CD14+_GPR183,77,M1,0.009527344716654293
10x_8K,benign,Monocyte:CD14+_IL1B_CXCL8_inflammatory,287,M2,0.03551101212571146
10x_8K,benign,Monocyte:CD14+_small,25,M3,0.003093293739173472
10x_8K,benign,Monocyte:CD14+_TBPL1,92,M4,0.011383320960158377
10x_8K,benign,Monocyte:CD16-_C14orf2,24,M5,0.002969561989606533
10x_8K,benign,Monocyte:CD16-CD14+_APOBEC3A_C7orf26_JCHAIN,89,M6,0.01101212571145756
10x_8K,benign,Monocyte:CD16-CD14+_LYZ_CD36_CYBB_inflamm,416,M7,0.05147240781984657
10x_8K,benign,Monocyte:CD16-CD14low__PF4_PPBP_monocyte migration,28,M8,0.0034644889878742884
10x_8K,benign,Monocyte:CD16+CD14-_Non_classical_ CDKN1C_RHOC,251,M9,0.031056669141301656
10x_8K,benign,NK_cell_PTGDS_IGFBP7_MYOM2_FCER1G_SPON2_FCGR3A,156,NK1,0.019302152932442463
10x_8K,benign,NK_cell:IL2_CD3D_STMN1_TRAC_LTB_IL7R_CD3G_HIST1H4C_CD16-,78,NK2,0.009651076466221232
10x_8K,benign,NK_cell:IL2_KLRC_TRDC_TRGC_IL32_LYAR_CD3D_CD3G_IL7R_CD16-,285,NK3,0.03526354862657758
10x_8K,benign,NK_cells_close_to_myeloid Pre-B_cell_CD34-,233,NKM,0.028829497649096758
10x_8K,benign,pDC_LILRA4_MZB1_ITM2C_IL3LA_TCF4_bcell_develop_PLD4_mac_stim_high_mito,82,Dp,0.010146003464488988
10x_8K,benign,T_cell:CD4+,191,CD4 1,0.023632764167285325
10x_8K,benign,T_cell:CD4+_central_memory_HIST1H4C,310,CD4 2,0.03835684236575105
10x_8K,benign,T_cell:CD4+_central_memory_JUN_FOS_JUNB_DUSP1,862,CD4 3,0.10665676812670132
10x_8K,benign,T_cell:CD4+_central_memory_RPS_RPL,63,TM3,0.0077951002227171495
10x_8K,benign,T_cell:CD4+_central_memory_SPINK2,11,CD4 4,0.0013610492452363276
10x_8K,benign,T_cell:CD4+_effector_memory_KLRB1,232,CD4 5,0.02870576589952982
10x_8K,benign,T_cell:CD8+_GZMH_NKG7_CCL5,561,CD8 1,0.06941351150705272
10x_8K,benign,T_cell:CD8+_GZMK_DUSP2_LYAR_CCL5,397,CD8 2,0.04912150457807474
10x_8K,benign,T_cell:CD8+_non_activated,503,CD8 3,0.06223707003217026
10x_8K,benign,T_cell:CD8+_PPBP_SAT1,97,CD8 4,0.012001979707993072
10x_8K,benign,T_cell:CD8+_S100B,40,CD8 5,0.004949269982677555
10x_8K,benign,T_cell:CD8low_TIMP1_PPBP,186,CD8 6,0.02301410541945063
GSE115189,benign,b_cell_macrophage_precursor_or_follicular_LTB_IGKG_CD79a_MS4A1,21,BM,0.008363201911589008
GSE115189,benign,B_cell:immature,136,B1,0.054161688570290724
GSE115189,benign,B_cell:immature_IGLC3_IGLC2,97,B2,0.038630027877339705
GSE115189,benign,B_cell:Memory_ITM2C_IGHA1_MZB1_JCHAIN,21,B3,0.008363201911589008
GSE115189,benign,Dendritic_CD11_CD1_high_mito,31,Dm,0.012345679012345678
GSE115189,benign,HSC_-G-CSF_LMNA,104,H1,0.041417761847869376
GSE115189,benign,HSC_-G-CSF_S100A9_LYZ_S100A8_FCN1_CYBB_LST1,143,H2,0.05694942254082039
GSE115189,benign,HSC_Bcell_mac_precuror?_IRF8,93,H3,0.037037037037037035
GSE115189,benign,Mixed_CD3_close_to_myeloid_IL7R_CD7_CD247_CD14low,79,TM1,0.0314615690959777
GSE115189,benign,Mixed_CD3_close_to_myeloid_TUBA4A,29,TM2,0.011549183592194345
GSE115189,benign,Monocyte:CD14+_GPR183,10,M1,0.00398247710075667
GSE115189,benign,Monocyte:CD14+_IL1B_CXCL8_inflammatory,90,M2,0.035842293906810034
GSE115189,benign,Monocyte:CD14+_small,10,M3,0.00398247710075667
GSE115189,benign,Monocyte:CD14+_TBPL1,11,M4,0.004380724810832338
GSE115189,benign,Monocyte:CD16-_C14orf2,0,M5,0
GSE115189,benign,Monocyte:CD16-CD14+_APOBEC3A_C7orf26_JCHAIN,14,M6,0.005575467941059339
GSE115189,benign,Monocyte:CD16-CD14+_LYZ_CD36_CYBB_inflamm,125,M7,0.04978096375945838
GSE115189,benign,Monocyte:CD16-CD14low__PF4_PPBP_monocyte migration,11,M8,0.004380724810832338
GSE115189,benign,Monocyte:CD16+CD14-_Non_classical_ CDKN1C_RHOC,134,M9,0.053365193150139385
GSE115189,benign,NK_cell_PTGDS_IGFBP7_MYOM2_FCER1G_SPON2_FCGR3A,39,NK1,0.015531660692951015
GSE115189,benign,NK_cell:IL2_CD3D_STMN1_TRAC_LTB_IL7R_CD3G_HIST1H4C_CD16-,32,NK2,0.012743926722421346
GSE115189,benign,NK_cell:IL2_KLRC_TRDC_TRGC_IL32_LYAR_CD3D_CD3G_IL7R_CD16-,49,NK3,0.019514137793707687
GSE115189,benign,NK_cells_close_to_myeloid Pre-B_cell_CD34-,84,NKM,0.03345280764635603
GSE115189,benign,pDC_LILRA4_MZB1_ITM2C_IL3LA_TCF4_bcell_develop_PLD4_mac_stim_high_mito,8,Dp,0.0031859816806053365
GSE115189,benign,T_cell:CD4+,53,CD4 1,0.021107128634010354
GSE115189,benign,T_cell:CD4+_central_memory_HIST1H4C,72,CD4 2,0.02867383512544803
GSE115189,benign,T_cell:CD4+_central_memory_JUN_FOS_JUNB_DUSP1,340,CD4 3,0.1354042214257268
GSE115189,benign,T_cell:CD4+_central_memory_RPS_RPL,0,TM3,0
GSE115189,benign,T_cell:CD4+_central_memory_SPINK2,5,CD4 4,0.001991238550378335
GSE115189,benign,T_cell:CD4+_effector_memory_KLRB1,50,CD4 5,0.019912385503783353
GSE115189,benign,T_cell:CD8+_GZMH_NKG7_CCL5,191,CD8 1,0.0760653126244524
GSE115189,benign,T_cell:CD8+_GZMK_DUSP2_LYAR_CCL5,116,CD8 2,0.04619673436877738
GSE115189,benign,T_cell:CD8+_non_activated,88,CD8 3,0.0350457984866587
GSE115189,benign,T_cell:CD8+_PPBP_SAT1,69,CD8 4,0.027479091995221028
GSE115189,benign,T_cell:CD8+_S100B,66,CD8 5,0.026284348864994027
GSE115189,benign,T_cell:CD8low_TIMP1_PPBP,90,CD8 6,0.035842293906810034
SCP345_580,benign,b_cell_macrophage_precursor_or_follicular_LTB_IGKG_CD79a_MS4A1,20,BM,0.0032462262619704593
SCP345_580,benign,B_cell:immature,266,B1,0.04317480928420711
SCP345_580,benign,B_cell:immature_IGLC3_IGLC2,209,B2,0.0339230644375913
SCP345_580,benign,B_cell:Memory_ITM2C_IGHA1_MZB1_JCHAIN,71,B3,0.011524103229995131
SCP345_580,benign,Dendritic_CD11_CD1_high_mito,103,Dm,0.016718065249147866
SCP345_580,benign,HSC_-G-CSF_LMNA,147,H1,0.023859763025482875
SCP345_580,benign,HSC_-G-CSF_S100A9_LYZ_S100A8_FCN1_CYBB_LST1,182,H2,0.02954065898393118
SCP345_580,benign,HSC_Bcell_mac_precuror?_IRF8,178,H3,0.02889141373153709
SCP345_580,benign,Mixed_CD3_close_to_myeloid_IL7R_CD7_CD247_CD14low,145,TM1,0.02353514039928583
SCP345_580,benign,Mixed_CD3_close_to_myeloid_TUBA4A,42,TM2,0.006817075150137964
SCP345_580,benign,Monocyte:CD14+_GPR183,8,M1,0.0012984905047881837
SCP345_580,benign,Monocyte:CD14+_IL1B_CXCL8_inflammatory,85,M2,0.013796461613374451
SCP345_580,benign,Monocyte:CD14+_small,24,M3,0.003895471514364551
SCP345_580,benign,Monocyte:CD14+_TBPL1,12,M4,0.0019477357571822756
SCP345_580,benign,Monocyte:CD16-_C14orf2,5,M5,8.115565654926148e-4
SCP345_580,benign,Monocyte:CD16-CD14+_APOBEC3A_C7orf26_JCHAIN,25,M6,0.004057782827463074
SCP345_580,benign,Monocyte:CD16-CD14+_LYZ_CD36_CYBB_inflamm,186,M7,0.030189904236325272
SCP345_580,benign,Monocyte:CD16-CD14low__PF4_PPBP_monocyte migration,13,M8,0.0021100470702807984
SCP345_580,benign,Monocyte:CD16+CD14-_Non_classical_ CDKN1C_RHOC,115,M9,0.01866580100633014
SCP345_580,benign,NK_cell_PTGDS_IGFBP7_MYOM2_FCER1G_SPON2_FCGR3A,126,NK1,0.020451225450413894
SCP345_580,benign,NK_cell:IL2_CD3D_STMN1_TRAC_LTB_IL7R_CD3G_HIST1H4C_CD16-,103,NK2,0.016718065249147866
SCP345_580,benign,NK_cell:IL2_KLRC_TRDC_TRGC_IL32_LYAR_CD3D_CD3G_IL7R_CD16-,204,NK3,0.03311150787209868
SCP345_580,benign,NK_cells_close_to_myeloid Pre-B_cell_CD34-,182,NKM,0.02954065898393118
SCP345_580,benign,pDC_LILRA4_MZB1_ITM2C_IL3LA_TCF4_bcell_develop_PLD4_mac_stim_high_mito,13,Dp,0.0021100470702807984
SCP345_580,benign,T_cell:CD4+,201,CD4 1,0.032624573932803116
SCP345_580,benign,T_cell:CD4+_central_memory_HIST1H4C,374,CD4 2,0.06070443109884759
SCP345_580,benign,T_cell:CD4+_central_memory_JUN_FOS_JUNB_DUSP1,748,CD4 3,0.12140886219769519
SCP345_580,benign,T_cell:CD4+_central_memory_RPS_RPL,46,TM3,0.0074663204025320565
SCP345_580,benign,T_cell:CD4+_central_memory_SPINK2,11,CD4 4,0.0017854244440837527
SCP345_580,benign,T_cell:CD4+_effector_memory_KLRB1,214,CD4 5,0.034734621003083915
SCP345_580,benign,T_cell:CD8+_GZMH_NKG7_CCL5,609,CD8 1,0.09884758967700048
SCP345_580,benign,T_cell:CD8+_GZMK_DUSP2_LYAR_CCL5,380,CD8 2,0.06167829897743873
SCP345_580,benign,T_cell:CD8+_non_activated,558,CD8 3,0.09056971270897582
SCP345_580,benign,T_cell:CD8+_PPBP_SAT1,193,CD8 4,0.031326083428014934
SCP345_580,benign,T_cell:CD8+_S100B,150,CD8 5,0.024346696964778446
SCP345_580,benign,T_cell:CD8low_TIMP1_PPBP,213,CD8 6,0.03457230968998539
SCP345_860,benign,b_cell_macrophage_precursor_or_follicular_LTB_IGKG_CD79a_MS4A1,51,BM,0.007416024429256944
SCP345_860,benign,B_cell:immature,375,B1,0.054529591391595175
SCP345_860,benign,B_cell:immature_IGLC3_IGLC2,292,B2,0.042460375163588776
SCP345_860,benign,B_cell:Memory_ITM2C_IGHA1_MZB1_JCHAIN,94,B3,0.013668750908826523
SCP345_860,benign,Dendritic_CD11_CD1_high_mito,44,Dm,0.0063981387232805
SCP345_860,benign,HSC_-G-CSF_LMNA,209,H1,0.030391158935582377
SCP345_860,benign,HSC_-G-CSF_S100A9_LYZ_S100A8_FCN1_CYBB_LST1,253,H2,0.03678929765886288
SCP345_860,benign,HSC_Bcell_mac_precuror?_IRF8,390,H3,0.05671077504725898
SCP345_860,benign,Mixed_CD3_close_to_myeloid_IL7R_CD7_CD247_CD14low,116,TM1,0.016867820270466773
SCP345_860,benign,Mixed_CD3_close_to_myeloid_TUBA4A,47,TM2,0.0068343754544132615
SCP345_860,benign,Monocyte:CD14+_GPR183,9,M1,0.0013087101933982842
SCP345_860,benign,Monocyte:CD14+_IL1B_CXCL8_inflammatory,121,M2,0.017594881489021375
SCP345_860,benign,Monocyte:CD14+_small,8,M3,0.0011632979496873637
SCP345_860,benign,Monocyte:CD14+_TBPL1,10,M4,0.0014541224371092047
SCP345_860,benign,Monocyte:CD16-_C14orf2,18,M5,0.0026174203867965684
SCP345_860,benign,Monocyte:CD16-CD14+_APOBEC3A_C7orf26_JCHAIN,20,M6,0.0029082448742184094
SCP345_860,benign,Monocyte:CD16-CD14+_LYZ_CD36_CYBB_inflamm,186,M7,0.027046677330231205
SCP345_860,benign,Monocyte:CD16-CD14low__PF4_PPBP_monocyte migration,22,M8,0.00319906936164025
SCP345_860,benign,Monocyte:CD16+CD14-_Non_classical_ CDKN1C_RHOC,195,M9,0.02835538752362949
SCP345_860,benign,NK_cell_PTGDS_IGFBP7_MYOM2_FCER1G_SPON2_FCGR3A,188,NK1,0.027337501817653046
SCP345_860,benign,NK_cell:IL2_CD3D_STMN1_TRAC_LTB_IL7R_CD3G_HIST1H4C_CD16-,80,NK2,0.011632979496873638
SCP345_860,benign,NK_cell:IL2_KLRC_TRDC_TRGC_IL32_LYAR_CD3D_CD3G_IL7R_CD16-,405,NK3,0.058891958702922784
SCP345_860,benign,NK_cells_close_to_myeloid Pre-B_cell_CD34-,286,NKM,0.04158790170132325
SCP345_860,benign,pDC_LILRA4_MZB1_ITM2C_IL3LA_TCF4_bcell_develop_PLD4_mac_stim_high_mito,27,Dp,0.003926130580194852
SCP345_860,benign,T_cell:CD4+,178,CD4 1,0.02588337938054384
SCP345_860,benign,T_cell:CD4+_central_memory_HIST1H4C,352,CD4 2,0.051185109786244
SCP345_860,benign,T_cell:CD4+_central_memory_JUN_FOS_JUNB_DUSP1,560,CD4 3,0.08143085647811546
SCP345_860,benign,T_cell:CD4+_central_memory_RPS_RPL,9,TM3,0.0013087101933982842
SCP345_860,benign,T_cell:CD4+_central_memory_SPINK2,12,CD4 4,0.0017449469245310455
SCP345_860,benign,T_cell:CD4+_effector_memory_KLRB1,228,CD4 5,0.03315399156608986
SCP345_860,benign,T_cell:CD8+_GZMH_NKG7_CCL5,707,CD8 1,0.10280645630362076
SCP345_860,benign,T_cell:CD8+_GZMK_DUSP2_LYAR_CCL5,440,CD8 2,0.063981387232805
SCP345_860,benign,T_cell:CD8+_non_activated,556,CD8 3,0.08084920750327178
SCP345_860,benign,T_cell:CD8+_PPBP_SAT1,138,CD8 4,0.020066889632107024
SCP345_860,benign,T_cell:CD8+_S100B,74,CD8 5,0.010760506034608115
SCP345_860,benign,T_cell:CD8low_TIMP1_PPBP,177,CD8 6,0.02573796713683292
SCP424_pbmc1,benign,b_cell_macrophage_precursor_or_follicular_LTB_IGKG_CD79a_MS4A1,17,BM,0.005935754189944134
SCP424_pbmc1,benign,B_cell:immature,163,B1,0.05691340782122905
SCP424_pbmc1,benign,B_cell:immature_IGLC3_IGLC2,102,B2,0.0356145251396648
SCP424_pbmc1,benign,B_cell:Memory_ITM2C_IGHA1_MZB1_JCHAIN,27,B3,0.009427374301675978
SCP424_pbmc1,benign,Dendritic_CD11_CD1_high_mito,24,Dm,0.008379888268156424
SCP424_pbmc1,benign,HSC_-G-CSF_LMNA,222,H1,0.07751396648044692
SCP424_pbmc1,benign,HSC_-G-CSF_S100A9_LYZ_S100A8_FCN1_CYBB_LST1,80,H2,0.027932960893854747
SCP424_pbmc1,benign,HSC_Bcell_mac_precuror?_IRF8,52,H3,0.018156424581005588
SCP424_pbmc1,benign,Mixed_CD3_close_to_myeloid_IL7R_CD7_CD247_CD14low,25,TM1,0.008729050279329608
SCP424_pbmc1,benign,Mixed_CD3_close_to_myeloid_TUBA4A,4,TM2,0.0013966480446927375
SCP424_pbmc1,benign,Monocyte:CD14+_GPR183,5,M1,0.0017458100558659217
SCP424_pbmc1,benign,Monocyte:CD14+_IL1B_CXCL8_inflammatory,91,M2,0.031773743016759774
SCP424_pbmc1,benign,Monocyte:CD14+_small,6,M3,0.002094972067039106
SCP424_pbmc1,benign,Monocyte:CD14+_TBPL1,7,M4,0.0024441340782122905
SCP424_pbmc1,benign,Monocyte:CD16-_C14orf2,1,M5,3.4916201117318437e-4
SCP424_pbmc1,benign,Monocyte:CD16-CD14+_APOBEC3A_C7orf26_JCHAIN,16,M6,0.00558659217877095
SCP424_pbmc1,benign,Monocyte:CD16-CD14+_LYZ_CD36_CYBB_inflamm,95,M7,0.03317039106145252
SCP424_pbmc1,benign,Monocyte:CD16-CD14low__PF4_PPBP_monocyte migration,9,M8,0.0031424581005586594
SCP424_pbmc1,benign,Monocyte:CD16+CD14-_Non_classical_ CDKN1C_RHOC,76,M9,0.02653631284916201
SCP424_pbmc1,benign,NK_cell_PTGDS_IGFBP7_MYOM2_FCER1G_SPON2_FCGR3A,51,NK1,0.0178072625698324
SCP424_pbmc1,benign,NK_cell:IL2_CD3D_STMN1_TRAC_LTB_IL7R_CD3G_HIST1H4C_CD16-,33,NK2,0.011522346368715084
SCP424_pbmc1,benign,NK_cell:IL2_KLRC_TRDC_TRGC_IL32_LYAR_CD3D_CD3G_IL7R_CD16-,215,NK3,0.07506983240223464
SCP424_pbmc1,benign,NK_cells_close_to_myeloid Pre-B_cell_CD34-,115,NKM,0.040153631284916204
SCP424_pbmc1,benign,pDC_LILRA4_MZB1_ITM2C_IL3LA_TCF4_bcell_develop_PLD4_mac_stim_high_mito,13,Dp,0.004539106145251397
SCP424_pbmc1,benign,T_cell:CD4+,60,CD4 1,0.02094972067039106
SCP424_pbmc1,benign,T_cell:CD4+_central_memory_HIST1H4C,103,CD4 2,0.03596368715083799
SCP424_pbmc1,benign,T_cell:CD4+_central_memory_JUN_FOS_JUNB_DUSP1,176,CD4 3,0.061452513966480445
SCP424_pbmc1,benign,T_cell:CD4+_central_memory_RPS_RPL,17,TM3,0.005935754189944134
SCP424_pbmc1,benign,T_cell:CD4+_central_memory_SPINK2,6,CD4 4,0.002094972067039106
SCP424_pbmc1,benign,T_cell:CD4+_effector_memory_KLRB1,42,CD4 5,0.014664804469273743
SCP424_pbmc1,benign,T_cell:CD8+_GZMH_NKG7_CCL5,551,CD8 1,0.19238826815642457
SCP424_pbmc1,benign,T_cell:CD8+_GZMK_DUSP2_LYAR_CCL5,211,CD8 2,0.0736731843575419
SCP424_pbmc1,benign,T_cell:CD8+_non_activated,92,CD8 3,0.03212290502793296
SCP424_pbmc1,benign,T_cell:CD8+_PPBP_SAT1,34,CD8 4,0.011871508379888268
SCP424_pbmc1,benign,T_cell:CD8+_S100B,37,CD8 5,0.012918994413407821
SCP424_pbmc1,benign,T_cell:CD8low_TIMP1_PPBP,86,CD8 6,0.030027932960893854
SCP424_pbmc2,benign,b_cell_macrophage_precursor_or_follicular_LTB_IGKG_CD79a_MS4A1,23,BM,0.00718974679587371
SCP424_pbmc2,benign,B_cell:immature,325,B1,0.1015942482025633
SCP424_pbmc2,benign,B_cell:immature_IGLC3_IGLC2,307,B2,0.09596748984057518
SCP424_pbmc2,benign,B_cell:Memory_ITM2C_IGHA1_MZB1_JCHAIN,70,B3,0.02188183807439825
SCP424_pbmc2,benign,Dendritic_CD11_CD1_high_mito,71,Dm,0.022194435761175368
SCP424_pbmc2,benign,HSC_-G-CSF_LMNA,51,H1,0.01594248202563301
SCP424_pbmc2,benign,HSC_-G-CSF_S100A9_LYZ_S100A8_FCN1_CYBB_LST1,106,H2,0.03313535479837449
SCP424_pbmc2,benign,HSC_Bcell_mac_precuror?_IRF8,100,H3,0.03125976867771178
SCP424_pbmc2,benign,Mixed_CD3_close_to_myeloid_IL7R_CD7_CD247_CD14low,71,TM1,0.022194435761175368
SCP424_pbmc2,benign,Mixed_CD3_close_to_myeloid_TUBA4A,12,TM2,0.003751172241325414
SCP424_pbmc2,benign,Monocyte:CD14+_GPR183,6,M1,0.001875586120662707
SCP424_pbmc2,benign,Monocyte:CD14+_IL1B_CXCL8_inflammatory,41,M2,0.012816505157861832
SCP424_pbmc2,benign,Monocyte:CD14+_small,6,M3,0.001875586120662707
SCP424_pbmc2,benign,Monocyte:CD14+_TBPL1,9,M4,0.002813379180994061
SCP424_pbmc2,benign,Monocyte:CD16-_C14orf2,21,M5,0.006564551422319475
SCP424_pbmc2,benign,Monocyte:CD16-CD14+_APOBEC3A_C7orf26_JCHAIN,8,M6,0.0025007814942169426
SCP424_pbmc2,benign,Monocyte:CD16-CD14+_LYZ_CD36_CYBB_inflamm,139,M7,0.04345107846201938
SCP424_pbmc2,benign,Monocyte:CD16-CD14low__PF4_PPBP_monocyte migration,10,M8,0.0031259768677711786
SCP424_pbmc2,benign,Monocyte:CD16+CD14-_Non_classical_ CDKN1C_RHOC,52,M9,0.01625507971241013
SCP424_pbmc2,benign,NK_cell_PTGDS_IGFBP7_MYOM2_FCER1G_SPON2_FCGR3A,81,NK1,0.025320412628946545
SCP424_pbmc2,benign,NK_cell:IL2_CD3D_STMN1_TRAC_LTB_IL7R_CD3G_HIST1H4C_CD16-,43,NK2,0.013441700531416068
SCP424_pbmc2,benign,NK_cell:IL2_KLRC_TRDC_TRGC_IL32_LYAR_CD3D_CD3G_IL7R_CD16-,125,NK3,0.03907471084713973
SCP424_pbmc2,benign,NK_cells_close_to_myeloid Pre-B_cell_CD34-,104,NKM,0.03251015942482026
SCP424_pbmc2,benign,pDC_LILRA4_MZB1_ITM2C_IL3LA_TCF4_bcell_develop_PLD4_mac_stim_high_mito,31,Dp,0.009690528290090653
SCP424_pbmc2,benign,T_cell:CD4+,66,CD4 1,0.02063144732728978
SCP424_pbmc2,benign,T_cell:CD4+_central_memory_HIST1H4C,129,CD4 2,0.0403251015942482
SCP424_pbmc2,benign,T_cell:CD4+_central_memory_JUN_FOS_JUNB_DUSP1,191,CD4 3,0.05970615817442951
SCP424_pbmc2,benign,T_cell:CD4+_central_memory_RPS_RPL,0,TM3,0
SCP424_pbmc2,benign,T_cell:CD4+_central_memory_SPINK2,1,CD4 4,3.1259768677711783e-4
SCP424_pbmc2,benign,T_cell:CD4+_effector_memory_KLRB1,74,CD4 5,0.02313222882150672
SCP424_pbmc2,benign,T_cell:CD8+_GZMH_NKG7_CCL5,347,CD8 1,0.10847139731165989
SCP424_pbmc2,benign,T_cell:CD8+_GZMK_DUSP2_LYAR_CCL5,224,CD8 2,0.0700218818380744
SCP424_pbmc2,benign,T_cell:CD8+_non_activated,182,CD8 3,0.05689277899343545
SCP424_pbmc2,benign,T_cell:CD8+_PPBP_SAT1,35,CD8 4,0.010940919037199124
SCP424_pbmc2,benign,T_cell:CD8+_S100B,65,CD8 5,0.02031884964051266
SCP424_pbmc2,benign,T_cell:CD8low_TIMP1_PPBP,73,CD8 6,0.022819631134729602
SCP591,benign,b_cell_macrophage_precursor_or_follicular_LTB_IGKG_CD79a_MS4A1,2,BM,0.0033277870216306157
SCP591,benign,B_cell:immature,17,B1,0.028286189683860232
SCP591,benign,B_cell:immature_IGLC3_IGLC2,9,B2,0.014975041597337771
SCP591,benign,B_cell:Memory_ITM2C_IGHA1_MZB1_JCHAIN,7,B3,0.011647254575707155
SCP591,benign,Dendritic_CD11_CD1_high_mito,4,Dm,0.0066555740432612314
SCP591,benign,HSC_-G-CSF_LMNA,8,H1,0.013311148086522463
SCP591,benign,HSC_-G-CSF_S100A9_LYZ_S100A8_FCN1_CYBB_LST1,38,H2,0.0632279534109817
SCP591,benign,HSC_Bcell_mac_precuror?_IRF8,11,H3,0.018302828618968387
SCP591,benign,Mixed_CD3_close_to_myeloid_IL7R_CD7_CD247_CD14low,40,TM1,0.06655574043261231
SCP591,benign,Mixed_CD3_close_to_myeloid_TUBA4A,2,TM2,0.0033277870216306157
SCP591,benign,Monocyte:CD14+_GPR183,1,M1,0.0016638935108153079
SCP591,benign,Monocyte:CD14+_IL1B_CXCL8_inflammatory,4,M2,0.0066555740432612314
SCP591,benign,Monocyte:CD14+_small,5,M3,0.008319467554076539
SCP591,benign,Monocyte:CD14+_TBPL1,1,M4,0.0016638935108153079
SCP591,benign,Monocyte:CD16-_C14orf2,10,M5,0.016638935108153077
SCP591,benign,Monocyte:CD16-CD14+_APOBEC3A_C7orf26_JCHAIN,2,M6,0.0033277870216306157
SCP591,benign,Monocyte:CD16-CD14+_LYZ_CD36_CYBB_inflamm,22,M7,0.036605657237936774
SCP591,benign,Monocyte:CD16-CD14low__PF4_PPBP_monocyte migration,3,M8,0.004991680532445923
SCP591,benign,Monocyte:CD16+CD14-_Non_classical_ CDKN1C_RHOC,9,M9,0.014975041597337771
SCP591,benign,NK_cell_PTGDS_IGFBP7_MYOM2_FCER1G_SPON2_FCGR3A,1,NK1,0.0016638935108153079
SCP591,benign,NK_cell:IL2_CD3D_STMN1_TRAC_LTB_IL7R_CD3G_HIST1H4C_CD16-,8,NK2,0.013311148086522463
SCP591,benign,NK_cell:IL2_KLRC_TRDC_TRGC_IL32_LYAR_CD3D_CD3G_IL7R_CD16-,3,NK3,0.004991680532445923
SCP591,benign,NK_cells_close_to_myeloid Pre-B_cell_CD34-,14,NKM,0.02329450915141431
SCP591,benign,pDC_LILRA4_MZB1_ITM2C_IL3LA_TCF4_bcell_develop_PLD4_mac_stim_high_mito,2,Dp,0.0033277870216306157
SCP591,benign,T_cell:CD4+,10,CD4 1,0.016638935108153077
SCP591,benign,T_cell:CD4+_central_memory_HIST1H4C,43,CD4 2,0.07154742096505824
SCP591,benign,T_cell:CD4+_central_memory_JUN_FOS_JUNB_DUSP1,77,CD4 3,0.1281198003327787
SCP591,benign,T_cell:CD4+_central_memory_RPS_RPL,12,TM3,0.019966722129783693
SCP591,benign,T_cell:CD4+_central_memory_SPINK2,2,CD4 4,0.0033277870216306157
SCP591,benign,T_cell:CD4+_effector_memory_KLRB1,11,CD4 5,0.018302828618968387
SCP591,benign,T_cell:CD8+_GZMH_NKG7_CCL5,45,CD8 1,0.07487520798668885
SCP591,benign,T_cell:CD8+_GZMK_DUSP2_LYAR_CCL5,10,CD8 2,0.016638935108153077
SCP591,benign,T_cell:CD8+_non_activated,82,CD8 3,0.13643926788685523
SCP591,benign,T_cell:CD8+_PPBP_SAT1,21,CD8 4,0.03494176372712146
SCP591,benign,T_cell:CD8+_S100B,50,CD8 5,0.08319467554076539
SCP591,benign,T_cell:CD8low_TIMP1_PPBP,15,CD8 6,0.024958402662229616
SI-GA-E5,cancer,b_cell_macrophage_precursor_or_follicular_LTB_IGKG_CD79a_MS4A1,14,BM,0.002926421404682274
SI-GA-E5,cancer,B_cell:immature,71,B1,0.01484113712374582
SI-GA-E5,cancer,B_cell:immature_IGLC3_IGLC2,68,B2,0.014214046822742474
SI-GA-E5,cancer,B_cell:Memory_ITM2C_IGHA1_MZB1_JCHAIN,23,B3,0.004807692307692308
SI-GA-E5,cancer,Dendritic_CD11_CD1_high_mito,125,Dm,0.02612876254180602
SI-GA-E5,cancer,HSC_-G-CSF_LMNA,88,H1,0.01839464882943144
SI-GA-E5,cancer,HSC_-G-CSF_S100A9_LYZ_S100A8_FCN1_CYBB_LST1,350,H2,0.07316053511705686
SI-GA-E5,cancer,HSC_Bcell_mac_precuror?_IRF8,65,H3,0.01358695652173913
SI-GA-E5,cancer,Mixed_CD3_close_to_myeloid_IL7R_CD7_CD247_CD14low,197,TM1,0.04117892976588629
SI-GA-E5,cancer,Mixed_CD3_close_to_myeloid_TUBA4A,52,TM2,0.010869565217391304
SI-GA-E5,cancer,Monocyte:CD14+_GPR183,58,M1,0.012123745819397994
SI-GA-E5,cancer,Monocyte:CD14+_IL1B_CXCL8_inflammatory,327,M2,0.06835284280936454
SI-GA-E5,cancer,Monocyte:CD14+_small,39,M3,0.008152173913043478
SI-GA-E5,cancer,Monocyte:CD14+_TBPL1,106,M4,0.022157190635451504
SI-GA-E5,cancer,Monocyte:CD16-_C14orf2,0,M5,0
SI-GA-E5,cancer,Monocyte:CD16-CD14+_APOBEC3A_C7orf26_JCHAIN,165,M6,0.034489966555183944
SI-GA-E5,cancer,Monocyte:CD16-CD14+_LYZ_CD36_CYBB_inflamm,594,M7,0.12416387959866221
SI-GA-E5,cancer,Monocyte:CD16-CD14low__PF4_PPBP_monocyte migration,80,M8,0.016722408026755852
SI-GA-E5,cancer,Monocyte:CD16+CD14-_Non_classical_ CDKN1C_RHOC,332,M9,0.06939799331103678
SI-GA-E5,cancer,NK_cell_PTGDS_IGFBP7_MYOM2_FCER1G_SPON2_FCGR3A,62,NK1,0.012959866220735786
SI-GA-E5,cancer,NK_cell:IL2_CD3D_STMN1_TRAC_LTB_IL7R_CD3G_HIST1H4C_CD16-,35,NK2,0.007316053511705686
SI-GA-E5,cancer,NK_cell:IL2_KLRC_TRDC_TRGC_IL32_LYAR_CD3D_CD3G_IL7R_CD16-,114,NK3,0.023829431438127092
SI-GA-E5,cancer,NK_cells_close_to_myeloid Pre-B_cell_CD34-,254,NKM,0.05309364548494983
SI-GA-E5,cancer,pDC_LILRA4_MZB1_ITM2C_IL3LA_TCF4_bcell_develop_PLD4_mac_stim_high_mito,48,Dp,0.010033444816053512
SI-GA-E5,cancer,T_cell:CD4+,103,CD4 1,0.02153010033444816
SI-GA-E5,cancer,T_cell:CD4+_central_memory_HIST1H4C,168,CD4 2,0.03511705685618729
SI-GA-E5,cancer,T_cell:CD4+_central_memory_JUN_FOS_JUNB_DUSP1,217,CD4 3,0.04535953177257525
SI-GA-E5,cancer,T_cell:CD4+_central_memory_RPS_RPL,0,TM3,0
SI-GA-E5,cancer,T_cell:CD4+_central_memory_SPINK2,2,CD4 4,4.180602006688963e-4
SI-GA-E5,cancer,T_cell:CD4+_effector_memory_KLRB1,87,CD4 5,0.018185618729096988
SI-GA-E5,cancer,T_cell:CD8+_GZMH_NKG7_CCL5,347,CD8 1,0.0725334448160535
SI-GA-E5,cancer,T_cell:CD8+_GZMK_DUSP2_LYAR_CCL5,254,CD8 2,0.05309364548494983
SI-GA-E5,cancer,T_cell:CD8+_non_activated,79,CD8 3,0.016513377926421404
SI-GA-E5,cancer,T_cell:CD8+_PPBP_SAT1,74,CD8 4,0.015468227424749164
SI-GA-E5,cancer,T_cell:CD8+_S100B,91,CD8 5,0.019021739130434784
SI-GA-E5,cancer,T_cell:CD8low_TIMP1_PPBP,95,CD8 6,0.019857859531772576
SI-GA-E7,cancer,b_cell_macrophage_precursor_or_follicular_LTB_IGKG_CD79a_MS4A1,52,BM,0.006800941668846455
SI-GA-E7,cancer,B_cell:immature,550,B1,0.07193303688202982
SI-GA-E7,cancer,B_cell:immature_IGLC3_IGLC2,275,B2,0.03596651844101491
SI-GA-E7,cancer,B_cell:Memory_ITM2C_IGHA1_MZB1_JCHAIN,77,B3,0.010070625163484176
SI-GA-E7,cancer,Dendritic_CD11_CD1_high_mito,219,Dm,0.02864242741302642
SI-GA-E7,cancer,HSC_-G-CSF_LMNA,124,H1,0.016217630133403087
SI-GA-E7,cancer,HSC_-G-CSF_S100A9_LYZ_S100A8_FCN1_CYBB_LST1,323,H2,0.04224431075071933
SI-GA-E7,cancer,HSC_Bcell_mac_precuror?_IRF8,211,H3,0.027596128694742348
SI-GA-E7,cancer,Mixed_CD3_close_to_myeloid_IL7R_CD7_CD247_CD14low,118,TM1,0.015432906094690033
SI-GA-E7,cancer,Mixed_CD3_close_to_myeloid_TUBA4A,26,TM2,0.0034004708344232276
SI-GA-E7,cancer,Monocyte:CD14+_GPR183,39,M1,0.005100706251634841
SI-GA-E7,cancer,Monocyte:CD14+_IL1B_CXCL8_inflammatory,133,M2,0.017394716191472665
SI-GA-E7,cancer,Monocyte:CD14+_small,29,M3,0.0037928328537797542
SI-GA-E7,cancer,Monocyte:CD14+_TBPL1,80,M4,0.010462987182840701
SI-GA-E7,cancer,Monocyte:CD16-_C14orf2,0,M5,0
SI-GA-E7,cancer,Monocyte:CD16-CD14+_APOBEC3A_C7orf26_JCHAIN,125,M6,0.016348417473188596
SI-GA-E7,cancer,Monocyte:CD16-CD14+_LYZ_CD36_CYBB_inflamm,390,M7,0.051007062516348414
SI-GA-E7,cancer,Monocyte:CD16-CD14low__PF4_PPBP_monocyte migration,53,M8,0.006931729008631964
SI-GA-E7,cancer,Monocyte:CD16+CD14-_Non_classical_ CDKN1C_RHOC,342,M9,0.044729270206643995
SI-GA-E7,cancer,NK_cell_PTGDS_IGFBP7_MYOM2_FCER1G_SPON2_FCGR3A,337,NK1,0.044075333507716453
SI-GA-E7,cancer,NK_cell:IL2_CD3D_STMN1_TRAC_LTB_IL7R_CD3G_HIST1H4C_CD16-,149,NK2,0.019487313628040806
SI-GA-E7,cancer,NK_cell:IL2_KLRC_TRDC_TRGC_IL32_LYAR_CD3D_CD3G_IL7R_CD16-,417,NK3,0.054538320690557154
SI-GA-E7,cancer,NK_cells_close_to_myeloid Pre-B_cell_CD34-,286,NKM,0.037405179178655504
SI-GA-E7,cancer,pDC_LILRA4_MZB1_ITM2C_IL3LA_TCF4_bcell_develop_PLD4_mac_stim_high_mito,130,Dp,0.017002354172116138
SI-GA-E7,cancer,T_cell:CD4+,152,CD4 1,0.019879675647397333
SI-GA-E7,cancer,T_cell:CD4+_central_memory_HIST1H4C,243,CD4 2,0.031781323567878626
SI-GA-E7,cancer,T_cell:CD4+_central_memory_JUN_FOS_JUNB_DUSP1,214,CD4 3,0.027988490714098875
SI-GA-E7,cancer,T_cell:CD4+_central_memory_RPS_RPL,0,TM3,0
SI-GA-E7,cancer,T_cell:CD4+_central_memory_SPINK2,7,CD4 4,9.155113784985613e-4
SI-GA-E7,cancer,T_cell:CD4+_effector_memory_KLRB1,97,CD4 5,0.01268637195919435
SI-GA-E7,cancer,T_cell:CD8+_GZMH_NKG7_CCL5,1228,CD8 1,0.16060685325660476
SI-GA-E7,cancer,T_cell:CD8+_GZMK_DUSP2_LYAR_CCL5,418,CD8 2,0.05466910803034266
SI-GA-E7,cancer,T_cell:CD8+_non_activated,174,CD8 3,0.022756997122678525
SI-GA-E7,cancer,T_cell:CD8+_PPBP_SAT1,176,CD8 4,0.023018571802249543
SI-GA-E7,cancer,T_cell:CD8+_S100B,163,CD8 5,0.02131833638503793
SI-GA-E7,cancer,T_cell:CD8low_TIMP1_PPBP,289,CD8 6,0.037797541198012034
SI-GA-E8,cancer,b_cell_macrophage_precursor_or_follicular_LTB_IGKG_CD79a_MS4A1,33,BM,0.003778337531486146
SI-GA-E8,cancer,B_cell:immature,577,B1,0.0660636592626517
SI-GA-E8,cancer,B_cell:immature_IGLC3_IGLC2,332,B2,0.03801236546828486
SI-GA-E8,cancer,B_cell:Memory_ITM2C_IGHA1_MZB1_JCHAIN,106,B3,0.012136478131440347
SI-GA-E8,cancer,Dendritic_CD11_CD1_high_mito,118,Dm,0.013510419051980764
SI-GA-E8,cancer,HSC_-G-CSF_LMNA,91,H1,0.010419051980764827
SI-GA-E8,cancer,HSC_-G-CSF_S100A9_LYZ_S100A8_FCN1_CYBB_LST1,380,H2,0.04350812915044653
SI-GA-E8,cancer,HSC_Bcell_mac_precuror?_IRF8,158,H3,0.01809022212044882
SI-GA-E8,cancer,Mixed_CD3_close_to_myeloid_IL7R_CD7_CD247_CD14low,215,TM1,0.0246164414930158
SI-GA-E8,cancer,Mixed_CD3_close_to_myeloid_TUBA4A,41,TM2,0.0046942981451797575
SI-GA-E8,cancer,Monocyte:CD14+_GPR183,53,M1,0.006068239065720174
SI-GA-E8,cancer,Monocyte:CD14+_IL1B_CXCL8_inflammatory,129,M2,0.014769864895809481
SI-GA-E8,cancer,Monocyte:CD14+_small,23,M3,0.002633386764369132
SI-GA-E8,cancer,Monocyte:CD14+_TBPL1,77,M4,0.008816120906801008
SI-GA-E8,cancer,Monocyte:CD16-_C14orf2,0,M5,0
SI-GA-E8,cancer,Monocyte:CD16-CD14+_APOBEC3A_C7orf26_JCHAIN,77,M6,0.008816120906801008
SI-GA-E8,cancer,Monocyte:CD16-CD14+_LYZ_CD36_CYBB_inflamm,523,M7,0.05988092512021983
SI-GA-E8,cancer,Monocyte:CD16-CD14low__PF4_PPBP_monocyte migration,93,M8,0.01064804213418823
SI-GA-E8,cancer,Monocyte:CD16+CD14-_Non_classical_ CDKN1C_RHOC,225,M9,0.025761392260132816
SI-GA-E8,cancer,NK_cell_PTGDS_IGFBP7_MYOM2_FCER1G_SPON2_FCGR3A,161,NK1,0.018433707350583924
SI-GA-E8,cancer,NK_cell:IL2_CD3D_STMN1_TRAC_LTB_IL7R_CD3G_HIST1H4C_CD16-,157,NK2,0.01797572704373712
SI-GA-E8,cancer,NK_cell:IL2_KLRC_TRDC_TRGC_IL32_LYAR_CD3D_CD3G_IL7R_CD16-,400,NK3,0.04579803068468056
SI-GA-E8,cancer,NK_cells_close_to_myeloid Pre-B_cell_CD34-,279,NKM,0.03194412640256469
SI-GA-E8,cancer,pDC_LILRA4_MZB1_ITM2C_IL3LA_TCF4_bcell_develop_PLD4_mac_stim_high_mito,50,Dp,0.00572475383558507
SI-GA-E8,cancer,T_cell:CD4+,308,CD4 1,0.03526448362720403
SI-GA-E8,cancer,T_cell:CD4+_central_memory_HIST1H4C,752,CD4 2,0.08610029768719946
SI-GA-E8,cancer,T_cell:CD4+_central_memory_JUN_FOS_JUNB_DUSP1,475,CD4 3,0.05438516143805816
SI-GA-E8,cancer,T_cell:CD4+_central_memory_RPS_RPL,0,TM3,0
SI-GA-E8,cancer,T_cell:CD4+_central_memory_SPINK2,23,CD4 4,0.002633386764369132
SI-GA-E8,cancer,T_cell:CD4+_effector_memory_KLRB1,238,CD4 5,0.027249828257384933
SI-GA-E8,cancer,T_cell:CD8+_GZMH_NKG7_CCL5,1322,CD8 1,0.15136249141286925
SI-GA-E8,cancer,T_cell:CD8+_GZMK_DUSP2_LYAR_CCL5,302,CD8 2,0.034577513166933825
SI-GA-E8,cancer,T_cell:CD8+_non_activated,188,CD8 3,0.021525074421799864
SI-GA-E8,cancer,T_cell:CD8+_PPBP_SAT1,206,CD8 4,0.02358598580261049
SI-GA-E8,cancer,T_cell:CD8+_S100B,192,CD8 5,0.02198305472864667
SI-GA-E8,cancer,T_cell:CD8low_TIMP1_PPBP,430,CD8 6,0.0492328829860316
SI-GA-G6,cancer,b_cell_macrophage_precursor_or_follicular_LTB_IGKG_CD79a_MS4A1,19,BM,0.0054363376251788265
SI-GA-G6,cancer,B_cell:immature,94,B1,0.026895565092989987
SI-GA-G6,cancer,B_cell:immature_IGLC3_IGLC2,60,B2,0.017167381974248927
SI-GA-G6,cancer,B_cell:Memory_ITM2C_IGHA1_MZB1_JCHAIN,59,B3,0.01688125894134478
SI-GA-G6,cancer,Dendritic_CD11_CD1_high_mito,56,Dm,0.01602288984263233
SI-GA-G6,cancer,HSC_-G-CSF_LMNA,98,H1,0.02804005722460658
SI-GA-G6,cancer,HSC_-G-CSF_S100A9_LYZ_S100A8_FCN1_CYBB_LST1,134,H2,0.03834048640915594
SI-GA-G6,cancer,HSC_Bcell_mac_precuror?_IRF8,54,H3,0.015450643776824034
SI-GA-G6,cancer,Mixed_CD3_close_to_myeloid_IL7R_CD7_CD247_CD14low,72,TM1,0.020600858369098713
SI-GA-G6,cancer,Mixed_CD3_close_to_myeloid_TUBA4A,18,TM2,0.005150214592274678
SI-GA-G6,cancer,Monocyte:CD14+_GPR183,11,M1,0.0031473533619456365
SI-GA-G6,cancer,Monocyte:CD14+_IL1B_CXCL8_inflammatory,97,M2,0.027753934191702433
SI-GA-G6,cancer,Monocyte:CD14+_small,6,M3,0.0017167381974248926
SI-GA-G6,cancer,Monocyte:CD14+_TBPL1,23,M4,0.006580829756795422
SI-GA-G6,cancer,Monocyte:CD16-_C14orf2,0,M5,0
SI-GA-G6,cancer,Monocyte:CD16-CD14+_APOBEC3A_C7orf26_JCHAIN,18,M6,0.005150214592274678
SI-GA-G6,cancer,Monocyte:CD16-CD14+_LYZ_CD36_CYBB_inflamm,227,M7,0.06494992846924177
SI-GA-G6,cancer,Monocyte:CD16-CD14low__PF4_PPBP_monocyte migration,35,M8,0.010014306151645207
SI-GA-G6,cancer,Monocyte:CD16+CD14-_Non_classical_ CDKN1C_RHOC,93,M9,0.026609442060085836
SI-GA-G6,cancer,NK_cell_PTGDS_IGFBP7_MYOM2_FCER1G_SPON2_FCGR3A,58,NK1,0.01659513590844063
SI-GA-G6,cancer,NK_cell:IL2_CD3D_STMN1_TRAC_LTB_IL7R_CD3G_HIST1H4C_CD16-,42,NK2,0.01201716738197425
SI-GA-G6,cancer,NK_cell:IL2_KLRC_TRDC_TRGC_IL32_LYAR_CD3D_CD3G_IL7R_CD16-,121,NK3,0.034620886981402005
SI-GA-G6,cancer,NK_cells_close_to_myeloid Pre-B_cell_CD34-,83,NKM,0.02374821173104435
SI-GA-G6,cancer,pDC_LILRA4_MZB1_ITM2C_IL3LA_TCF4_bcell_develop_PLD4_mac_stim_high_mito,23,Dp,0.006580829756795422
SI-GA-G6,cancer,T_cell:CD4+,128,CD4 1,0.03662374821173105
SI-GA-G6,cancer,T_cell:CD4+_central_memory_HIST1H4C,359,CD4 2,0.10271816881258941
SI-GA-G6,cancer,T_cell:CD4+_central_memory_JUN_FOS_JUNB_DUSP1,205,CD4 3,0.058655221745350504
SI-GA-G6,cancer,T_cell:CD4+_central_memory_RPS_RPL,0,TM3,0
SI-GA-G6,cancer,T_cell:CD4+_central_memory_SPINK2,9,CD4 4,0.002575107296137339
SI-GA-G6,cancer,T_cell:CD4+_effector_memory_KLRB1,195,CD4 5,0.055793991416309016
SI-GA-G6,cancer,T_cell:CD8+_GZMH_NKG7_CCL5,396,CD8 1,0.11330472103004292
SI-GA-G6,cancer,T_cell:CD8+_GZMK_DUSP2_LYAR_CCL5,232,CD8 2,0.06638054363376251
SI-GA-G6,cancer,T_cell:CD8+_non_activated,241,CD8 3,0.06895565092989986
SI-GA-G6,cancer,T_cell:CD8+_PPBP_SAT1,47,CD8 4,0.013447782546494993
SI-GA-G6,cancer,T_cell:CD8+_S100B,62,CD8 5,0.017739628040057225
SI-GA-G6,cancer,T_cell:CD8low_TIMP1_PPBP,120,CD8 6,0.034334763948497854
SI-GA-G7,cancer,b_cell_macrophage_precursor_or_follicular_LTB_IGKG_CD79a_MS4A1,11,BM,0.003946896304269824
SI-GA-G7,cancer,B_cell:immature,31,B1,0.011123071402942232
SI-GA-G7,cancer,B_cell:immature_IGLC3_IGLC2,16,B2,0.0057409400789379264
SI-GA-G7,cancer,B_cell:Memory_ITM2C_IGHA1_MZB1_JCHAIN,15,B3,0.005382131324004306
SI-GA-G7,cancer,Dendritic_CD11_CD1_high_mito,83,Dm,0.02978112665949049
SI-GA-G7,cancer,HSC_-G-CSF_LMNA,49,H1,0.017581628991747398
SI-GA-G7,cancer,HSC_-G-CSF_S100A9_LYZ_S100A8_FCN1_CYBB_LST1,198,H2,0.07104413347685684
SI-GA-G7,cancer,HSC_Bcell_mac_precuror?_IRF8,20,H3,0.007176175098672408
SI-GA-G7,cancer,Mixed_CD3_close_to_myeloid_IL7R_CD7_CD247_CD14low,105,TM1,0.03767491926803014
SI-GA-G7,cancer,Mixed_CD3_close_to_myeloid_TUBA4A,27,TM2,0.00968783638320775
SI-GA-G7,cancer,Monocyte:CD14+_GPR183,40,M1,0.014352350197344816
SI-GA-G7,cancer,Monocyte:CD14+_IL1B_CXCL8_inflammatory,113,M2,0.040545389307499104
SI-GA-G7,cancer,Monocyte:CD14+_small,18,M3,0.006458557588805167
SI-GA-G7,cancer,Monocyte:CD14+_TBPL1,75,M4,0.02691065662002153
SI-GA-G7,cancer,Monocyte:CD16-_C14orf2,0,M5,0
SI-GA-G7,cancer,Monocyte:CD16-CD14+_APOBEC3A_C7orf26_JCHAIN,42,M6,0.015069967707212056
SI-GA-G7,cancer,Monocyte:CD16-CD14+_LYZ_CD36_CYBB_inflamm,304,M7,0.1090778614998206
SI-GA-G7,cancer,Monocyte:CD16-CD14low__PF4_PPBP_monocyte migration,85,M8,0.030498744169357734
SI-GA-G7,cancer,Monocyte:CD16+CD14-_Non_classical_ CDKN1C_RHOC,113,M9,0.040545389307499104
SI-GA-G7,cancer,NK_cell_PTGDS_IGFBP7_MYOM2_FCER1G_SPON2_FCGR3A,60,NK1,0.021528525296017224
SI-GA-G7,cancer,NK_cell:IL2_CD3D_STMN1_TRAC_LTB_IL7R_CD3G_HIST1H4C_CD16-,35,NK2,0.012558306422676713
SI-GA-G7,cancer,NK_cell:IL2_KLRC_TRDC_TRGC_IL32_LYAR_CD3D_CD3G_IL7R_CD16-,107,NK3,0.03839253677789738
SI-GA-G7,cancer,NK_cells_close_to_myeloid Pre-B_cell_CD34-,180,NKM,0.06458557588805167
SI-GA-G7,cancer,pDC_LILRA4_MZB1_ITM2C_IL3LA_TCF4_bcell_develop_PLD4_mac_stim_high_mito,32,Dp,0.011481880157875853
SI-GA-G7,cancer,T_cell:CD4+,58,CD4 1,0.020810907786149982
SI-GA-G7,cancer,T_cell:CD4+_central_memory_HIST1H4C,175,CD4 2,0.06279153211338356
SI-GA-G7,cancer,T_cell:CD4+_central_memory_JUN_FOS_JUNB_DUSP1,15,CD4 3,0.005382131324004306
SI-GA-G7,cancer,T_cell:CD4+_central_memory_RPS_RPL,0,TM3,0
SI-GA-G7,cancer,T_cell:CD4+_central_memory_SPINK2,3,CD4 4,0.001076426264800861
SI-GA-G7,cancer,T_cell:CD4+_effector_memory_KLRB1,68,CD4 5,0.024398995335486187
SI-GA-G7,cancer,T_cell:CD8+_GZMH_NKG7_CCL5,270,CD8 1,0.0968783638320775
SI-GA-G7,cancer,T_cell:CD8+_GZMK_DUSP2_LYAR_CCL5,122,CD8 2,0.043774668101901684
SI-GA-G7,cancer,T_cell:CD8+_non_activated,135,CD8 3,0.04843918191603875
SI-GA-G7,cancer,T_cell:CD8+_PPBP_SAT1,45,CD8 4,0.016146393972012917
SI-GA-G7,cancer,T_cell:CD8+_S100B,85,CD8 5,0.030498744169357734
SI-GA-G7,cancer,T_cell:CD8low_TIMP1_PPBP,52,CD8 6,0.018658055256548258
SI-GA-G8,cancer,b_cell_macrophage_precursor_or_follicular_LTB_IGKG_CD79a_MS4A1,23,BM,0.004223283143591627
SI-GA-G8,cancer,B_cell:immature,134,B1,0.024605214836577304
SI-GA-G8,cancer,B_cell:immature_IGLC3_IGLC2,90,B2,0.01652589056188028
SI-GA-G8,cancer,B_cell:Memory_ITM2C_IGHA1_MZB1_JCHAIN,83,B3,0.01524054351817848
SI-GA-G8,cancer,Dendritic_CD11_CD1_high_mito,98,Dm,0.017994858611825194
SI-GA-G8,cancer,HSC_-G-CSF_LMNA,142,H1,0.026074182886522218
SI-GA-G8,cancer,HSC_-G-CSF_S100A9_LYZ_S100A8_FCN1_CYBB_LST1,229,H2,0.042049210429673155
SI-GA-G8,cancer,HSC_Bcell_mac_precuror?_IRF8,19,H3,0.00348879911861917
SI-GA-G8,cancer,Mixed_CD3_close_to_myeloid_IL7R_CD7_CD247_CD14low,122,TM1,0.022401762761659935
SI-GA-G8,cancer,Mixed_CD3_close_to_myeloid_TUBA4A,23,TM2,0.004223283143591627
SI-GA-G8,cancer,Monocyte:CD14+_GPR183,47,M1,0.008630187293426368
SI-GA-G8,cancer,Monocyte:CD14+_IL1B_CXCL8_inflammatory,161,M2,0.02956298200514139
SI-GA-G8,cancer,Monocyte:CD14+_small,22,M3,0.004039662137348513
SI-GA-G8,cancer,Monocyte:CD14+_TBPL1,79,M4,0.014506059493206023
SI-GA-G8,cancer,Monocyte:CD16-_C14orf2,0,M5,0
SI-GA-G8,cancer,Monocyte:CD16-CD14+_APOBEC3A_C7orf26_JCHAIN,89,M6,0.016342269555637164
SI-GA-G8,cancer,Monocyte:CD16-CD14+_LYZ_CD36_CYBB_inflamm,330,M7,0.06059493206022769
SI-GA-G8,cancer,Monocyte:CD16-CD14low__PF4_PPBP_monocyte migration,55,M8,0.010099155343371281
SI-GA-G8,cancer,Monocyte:CD16+CD14-_Non_classical_ CDKN1C_RHOC,145,M9,0.02662504590525156
SI-GA-G8,cancer,NK_cell_PTGDS_IGFBP7_MYOM2_FCER1G_SPON2_FCGR3A,97,NK1,0.017811237605582078
SI-GA-G8,cancer,NK_cell:IL2_CD3D_STMN1_TRAC_LTB_IL7R_CD3G_HIST1H4C_CD16-,51,NK2,0.009364671318398824
SI-GA-G8,cancer,NK_cell:IL2_KLRC_TRDC_TRGC_IL32_LYAR_CD3D_CD3G_IL7R_CD16-,147,NK3,0.02699228791773779
SI-GA-G8,cancer,NK_cells_close_to_myeloid Pre-B_cell_CD34-,203,NKM,0.037275064267352186
SI-GA-G8,cancer,pDC_LILRA4_MZB1_ITM2C_IL3LA_TCF4_bcell_develop_PLD4_mac_stim_high_mito,22,Dp,0.004039662137348513
SI-GA-G8,cancer,T_cell:CD4+,189,CD4 1,0.03470437017994859
SI-GA-G8,cancer,T_cell:CD4+_central_memory_HIST1H4C,361,CD4 2,0.06628718325376423
SI-GA-G8,cancer,T_cell:CD4+_central_memory_JUN_FOS_JUNB_DUSP1,239,CD4 3,0.043885420492104296
SI-GA-G8,cancer,T_cell:CD4+_central_memory_RPS_RPL,0,TM3,0
SI-GA-G8,cancer,T_cell:CD4+_central_memory_SPINK2,12,CD4 4,0.0022034520749173708
SI-GA-G8,cancer,T_cell:CD4+_effector_memory_KLRB1,184,CD4 5,0.033786265148733015
SI-GA-G8,cancer,T_cell:CD8+_GZMH_NKG7_CCL5,658,CD8 1,0.12082262210796915
SI-GA-G8,cancer,T_cell:CD8+_GZMK_DUSP2_LYAR_CCL5,370,CD8 2,0.06793977230995225
SI-GA-G8,cancer,T_cell:CD8+_non_activated,469,CD8 3,0.08611825192802057
SI-GA-G8,cancer,T_cell:CD8+_PPBP_SAT1,76,CD8 4,0.01395519647447668
SI-GA-G8,cancer,T_cell:CD8+_S100B,299,CD8 5,0.05490268086669115
SI-GA-G8,cancer,T_cell:CD8low_TIMP1_PPBP,178,CD8 6,0.03268453911127433
SI-GA-G9,cancer,b_cell_macrophage_precursor_or_follicular_LTB_IGKG_CD79a_MS4A1,209,BM,0.008099519454348163
SI-GA-G9,cancer,B_cell:immature,796,B1,0.030847930553402573
SI-GA-G9,cancer,B_cell:immature_IGLC3_IGLC2,568,B2,0.022012091148659124
SI-GA-G9,cancer,B_cell:Memory_ITM2C_IGHA1_MZB1_JCHAIN,280,B3,0.010851030847930553
SI-GA-G9,cancer,Dendritic_CD11_CD1_high_mito,481,Dm,0.018640520849480702
SI-GA-G9,cancer,HSC_-G-CSF_LMNA,593,H1,0.02298093318865292
SI-GA-G9,cancer,HSC_-G-CSF_S100A9_LYZ_S100A8_FCN1_CYBB_LST1,1947,H2,0.0754534180747171
SI-GA-G9,cancer,HSC_Bcell_mac_precuror?_IRF8,257,H3,0.009959696171136258
SI-GA-G9,cancer,Mixed_CD3_close_to_myeloid_IL7R_CD7_CD247_CD14low,733,TM1,0.0284064486126182
SI-GA-G9,cancer,Mixed_CD3_close_to_myeloid_TUBA4A,335,TM2,0.012982483335916912
SI-GA-G9,cancer,Monocyte:CD14+_GPR183,208,M1,0.008060765772748411
SI-GA-G9,cancer,Monocyte:CD14+_IL1B_CXCL8_inflammatory,1021,M2,0.03956750891334677
SI-GA-G9,cancer,Monocyte:CD14+_small,175,M3,0.006781894279956596
SI-GA-G9,cancer,Monocyte:CD14+_TBPL1,371,M4,0.014377615873507983
SI-GA-G9,cancer,Monocyte:CD16-_C14orf2,0,M5,0
SI-GA-G9,cancer,Monocyte:CD16-CD14+_APOBEC3A_C7orf26_JCHAIN,486,M6,0.018834289257479462
SI-GA-G9,cancer,Monocyte:CD16-CD14+_LYZ_CD36_CYBB_inflamm,1863,M7,0.07219810882033793
SI-GA-G9,cancer,Monocyte:CD16-CD14low__PF4_PPBP_monocyte migration,427,M8,0.016547822043094094
SI-GA-G9,cancer,Monocyte:CD16+CD14-_Non_classical_ CDKN1C_RHOC,1515,M9,0.058711827623624244
SI-GA-G9,cancer,NK_cell_PTGDS_IGFBP7_MYOM2_FCER1G_SPON2_FCGR3A,337,NK1,0.013059990699116416
SI-GA-G9,cancer,NK_cell:IL2_CD3D_STMN1_TRAC_LTB_IL7R_CD3G_HIST1H4C_CD16-,532,NK2,0.02061695861106805
SI-GA-G9,cancer,NK_cell:IL2_KLRC_TRDC_TRGC_IL32_LYAR_CD3D_CD3G_IL7R_CD16-,897,NK3,0.034762052394977525
SI-GA-G9,cancer,NK_cells_close_to_myeloid Pre-B_cell_CD34-,1879,NKM,0.07281816772593397
SI-GA-G9,cancer,pDC_LILRA4_MZB1_ITM2C_IL3LA_TCF4_bcell_develop_PLD4_mac_stim_high_mito,651,Dp,0.025228646721438538
SI-GA-G9,cancer,T_cell:CD4+,663,CD4 1,0.02569369090063556
SI-GA-G9,cancer,T_cell:CD4+_central_memory_HIST1H4C,1278,CD4 2,0.04952720508448302
SI-GA-G9,cancer,T_cell:CD4+_central_memory_JUN_FOS_JUNB_DUSP1,575,CD4 3,0.022283366919857387
SI-GA-G9,cancer,T_cell:CD4+_central_memory_RPS_RPL,0,TM3,0
SI-GA-G9,cancer,T_cell:CD4+_central_memory_SPINK2,7,CD4 4,2.7127577119826385e-4
SI-GA-G9,cancer,T_cell:CD4+_effector_memory_KLRB1,269,CD4 5,0.010424740350333282
SI-GA-G9,cancer,T_cell:CD8+_GZMH_NKG7_CCL5,3681,CD8 1,0.14265230196868703
SI-GA-G9,cancer,T_cell:CD8+_GZMK_DUSP2_LYAR_CCL5,687,CD8 2,0.026623779259029607
SI-GA-G9,cancer,T_cell:CD8+_non_activated,261,CD8 3,0.010114710897535266
SI-GA-G9,cancer,T_cell:CD8+_PPBP_SAT1,531,CD8 4,0.0205782049294683
SI-GA-G9,cancer,T_cell:CD8+_S100B,294,CD8 5,0.01139358239032708
SI-GA-G9,cancer,T_cell:CD8low_TIMP1_PPBP,997,CD8 6,0.03863742055495272
SI-GA-H1,cancer,b_cell_macrophage_precursor_or_follicular_LTB_IGKG_CD79a_MS4A1,9,BM,0.00390625
SI-GA-H1,cancer,B_cell:immature,60,B1,0.026041666666666668
SI-GA-H1,cancer,B_cell:immature_IGLC3_IGLC2,39,B2,0.016927083333333332
SI-GA-H1,cancer,B_cell:Memory_ITM2C_IGHA1_MZB1_JCHAIN,23,B3,0.009982638888888888
SI-GA-H1,cancer,Dendritic_CD11_CD1_high_mito,12,Dm,0.005208333333333333
SI-GA-H1,cancer,HSC_-G-CSF_LMNA,26,H1,0.011284722222222222
SI-GA-H1,cancer,HSC_-G-CSF_S100A9_LYZ_S100A8_FCN1_CYBB_LST1,95,H2,0.04123263888888889
SI-GA-H1,cancer,HSC_Bcell_mac_precuror?_IRF8,21,H3,0.009114583333333334
SI-GA-H1,cancer,Mixed_CD3_close_to_myeloid_IL7R_CD7_CD247_CD14low,80,TM1,0.034722222222222224
SI-GA-H1,cancer,Mixed_CD3_close_to_myeloid_TUBA4A,11,TM2,0.004774305555555556
SI-GA-H1,cancer,Monocyte:CD14+_GPR183,25,M1,0.010850694444444444
SI-GA-H1,cancer,Monocyte:CD14+_IL1B_CXCL8_inflammatory,59,M2,0.025607638888888888
SI-GA-H1,cancer,Monocyte:CD14+_small,8,M3,0.003472222222222222
SI-GA-H1,cancer,Monocyte:CD14+_TBPL1,22,M4,0.009548611111111112
SI-GA-H1,cancer,Monocyte:CD16-_C14orf2,0,M5,0
SI-GA-H1,cancer,Monocyte:CD16-CD14+_APOBEC3A_C7orf26_JCHAIN,18,M6,0.0078125
SI-GA-H1,cancer,Monocyte:CD16-CD14+_LYZ_CD36_CYBB_inflamm,223,M7,0.09678819444444445
SI-GA-H1,cancer,Monocyte:CD16-CD14low__PF4_PPBP_monocyte migration,48,M8,0.020833333333333332
SI-GA-H1,cancer,Monocyte:CD16+CD14-_Non_classical_ CDKN1C_RHOC,63,M9,0.02734375
SI-GA-H1,cancer,NK_cell_PTGDS_IGFBP7_MYOM2_FCER1G_SPON2_FCGR3A,30,NK1,0.013020833333333334
SI-GA-H1,cancer,NK_cell:IL2_CD3D_STMN1_TRAC_LTB_IL7R_CD3G_HIST1H4C_CD16-,17,NK2,0.007378472222222222
SI-GA-H1,cancer,NK_cell:IL2_KLRC_TRDC_TRGC_IL32_LYAR_CD3D_CD3G_IL7R_CD16-,55,NK3,0.023871527777777776
SI-GA-H1,cancer,NK_cells_close_to_myeloid Pre-B_cell_CD34-,102,NKM,0.044270833333333336
SI-GA-H1,cancer,pDC_LILRA4_MZB1_ITM2C_IL3LA_TCF4_bcell_develop_PLD4_mac_stim_high_mito,11,Dp,0.004774305555555556
SI-GA-H1,cancer,T_cell:CD4+,104,CD4 1,0.04513888888888889
SI-GA-H1,cancer,T_cell:CD4+_central_memory_HIST1H4C,327,CD4 2,0.14192708333333334
SI-GA-H1,cancer,T_cell:CD4+_central_memory_JUN_FOS_JUNB_DUSP1,28,CD4 3,0.012152777777777778
SI-GA-H1,cancer,T_cell:CD4+_central_memory_RPS_RPL,0,TM3,0
SI-GA-H1,cancer,T_cell:CD4+_central_memory_SPINK2,3,CD4 4,0.0013020833333333333
SI-GA-H1,cancer,T_cell:CD4+_effector_memory_KLRB1,149,CD4 5,0.0646701388888889
SI-GA-H1,cancer,T_cell:CD8+_GZMH_NKG7_CCL5,241,CD8 1,0.10460069444444445
SI-GA-H1,cancer,T_cell:CD8+_GZMK_DUSP2_LYAR_CCL5,87,CD8 2,0.037760416666666664
SI-GA-H1,cancer,T_cell:CD8+_non_activated,143,CD8 3,0.062065972222222224
SI-GA-H1,cancer,T_cell:CD8+_PPBP_SAT1,34,CD8 4,0.014756944444444444
SI-GA-H1,cancer,T_cell:CD8+_S100B,67,CD8 5,0.029079861111111112
SI-GA-H1,cancer,T_cell:CD8low_TIMP1_PPBP,64,CD8 6,0.027777777777777776
SI-GA-H3,cancer,b_cell_macrophage_precursor_or_follicular_LTB_IGKG_CD79a_MS4A1,5,BM,0.0019455252918287938
SI-GA-H3,cancer,B_cell:immature,40,B1,0.01556420233463035
SI-GA-H3,cancer,B_cell:immature_IGLC3_IGLC2,9,B2,0.003501945525291829
SI-GA-H3,cancer,B_cell:Memory_ITM2C_IGHA1_MZB1_JCHAIN,10,B3,0.0038910505836575876
SI-GA-H3,cancer,Dendritic_CD11_CD1_high_mito,36,Dm,0.014007782101167316
SI-GA-H3,cancer,HSC_-G-CSF_LMNA,50,H1,0.019455252918287938
SI-GA-H3,cancer,HSC_-G-CSF_S100A9_LYZ_S100A8_FCN1_CYBB_LST1,124,H2,0.04824902723735409
SI-GA-H3,cancer,HSC_Bcell_mac_precuror?_IRF8,6,H3,0.0023346303501945525
SI-GA-H3,cancer,Mixed_CD3_close_to_myeloid_IL7R_CD7_CD247_CD14low,88,TM1,0.034241245136186774
SI-GA-H3,cancer,Mixed_CD3_close_to_myeloid_TUBA4A,25,TM2,0.009727626459143969
SI-GA-H3,cancer,Monocyte:CD14+_GPR183,44,M1,0.017120622568093387
SI-GA-H3,cancer,Monocyte:CD14+_IL1B_CXCL8_inflammatory,102,M2,0.03968871595330739
SI-GA-H3,cancer,Monocyte:CD14+_small,8,M3,0.0031128404669260703
SI-GA-H3,cancer,Monocyte:CD14+_TBPL1,71,M4,0.02762645914396887
SI-GA-H3,cancer,Monocyte:CD16-_C14orf2,0,M5,0
SI-GA-H3,cancer,Monocyte:CD16-CD14+_APOBEC3A_C7orf26_JCHAIN,28,M6,0.010894941634241245
SI-GA-H3,cancer,Monocyte:CD16-CD14+_LYZ_CD36_CYBB_inflamm,304,M7,0.11828793774319066
SI-GA-H3,cancer,Monocyte:CD16-CD14low__PF4_PPBP_monocyte migration,39,M8,0.015175097276264591
SI-GA-H3,cancer,Monocyte:CD16+CD14-_Non_classical_ CDKN1C_RHOC,99,M9,0.03852140077821012
SI-GA-H3,cancer,NK_cell_PTGDS_IGFBP7_MYOM2_FCER1G_SPON2_FCGR3A,36,NK1,0.014007782101167316
SI-GA-H3,cancer,NK_cell:IL2_CD3D_STMN1_TRAC_LTB_IL7R_CD3G_HIST1H4C_CD16-,41,NK2,0.015953307392996108
SI-GA-H3,cancer,NK_cell:IL2_KLRC_TRDC_TRGC_IL32_LYAR_CD3D_CD3G_IL7R_CD16-,74,NK3,0.028793774319066146
SI-GA-H3,cancer,NK_cells_close_to_myeloid Pre-B_cell_CD34-,109,NKM,0.042412451361867706
SI-GA-H3,cancer,pDC_LILRA4_MZB1_ITM2C_IL3LA_TCF4_bcell_develop_PLD4_mac_stim_high_mito,11,Dp,0.004280155642023347
SI-GA-H3,cancer,T_cell:CD4+,66,CD4 1,0.025680933852140077
SI-GA-H3,cancer,T_cell:CD4+_central_memory_HIST1H4C,233,CD4 2,0.09066147859922179
SI-GA-H3,cancer,T_cell:CD4+_central_memory_JUN_FOS_JUNB_DUSP1,76,CD4 3,0.029571984435797664
SI-GA-H3,cancer,T_cell:CD4+_central_memory_RPS_RPL,0,TM3,0
SI-GA-H3,cancer,T_cell:CD4+_central_memory_SPINK2,6,CD4 4,0.0023346303501945525
SI-GA-H3,cancer,T_cell:CD4+_effector_memory_KLRB1,95,CD4 5,0.03696498054474708
SI-GA-H3,cancer,T_cell:CD8+_GZMH_NKG7_CCL5,305,CD8 1,0.11867704280155641
SI-GA-H3,cancer,T_cell:CD8+_GZMK_DUSP2_LYAR_CCL5,185,CD8 2,0.07198443579766536
SI-GA-H3,cancer,T_cell:CD8+_non_activated,124,CD8 3,0.04824902723735409
SI-GA-H3,cancer,T_cell:CD8+_PPBP_SAT1,37,CD8 4,0.014396887159533073
SI-GA-H3,cancer,T_cell:CD8+_S100B,5,CD8 5,0.0019455252918287938
SI-GA-H3,cancer,T_cell:CD8low_TIMP1_PPBP,79,CD8 6,0.03073929961089494
SI-GA-H4,cancer,b_cell_macrophage_precursor_or_follicular_LTB_IGKG_CD79a_MS4A1,8,BM,0.0027491408934707906
SI-GA-H4,cancer,B_cell:immature,58,B1,0.01993127147766323
SI-GA-H4,cancer,B_cell:immature_IGLC3_IGLC2,20,B2,0.006872852233676976
SI-GA-H4,cancer,B_cell:Memory_ITM2C_IGHA1_MZB1_JCHAIN,6,B3,0.002061855670103093
SI-GA-H4,cancer,Dendritic_CD11_CD1_high_mito,49,Dm,0.01683848797250859
SI-GA-H4,cancer,HSC_-G-CSF_LMNA,53,H1,0.018213058419243987
SI-GA-H4,cancer,HSC_-G-CSF_S100A9_LYZ_S100A8_FCN1_CYBB_LST1,131,H2,0.04501718213058419
SI-GA-H4,cancer,HSC_Bcell_mac_precuror?_IRF8,18,H3,0.006185567010309278
SI-GA-H4,cancer,Mixed_CD3_close_to_myeloid_IL7R_CD7_CD247_CD14low,71,TM1,0.024398625429553265
SI-GA-H4,cancer,Mixed_CD3_close_to_myeloid_TUBA4A,14,TM2,0.004810996563573883
SI-GA-H4,cancer,Monocyte:CD14+_GPR183,25,M1,0.00859106529209622
SI-GA-H4,cancer,Monocyte:CD14+_IL1B_CXCL8_inflammatory,102,M2,0.03505154639175258
SI-GA-H4,cancer,Monocyte:CD14+_small,8,M3,0.0027491408934707906
SI-GA-H4,cancer,Monocyte:CD14+_TBPL1,74,M4,0.02542955326460481
SI-GA-H4,cancer,Monocyte:CD16-_C14orf2,0,M5,0
SI-GA-H4,cancer,Monocyte:CD16-CD14+_APOBEC3A_C7orf26_JCHAIN,64,M6,0.021993127147766325
SI-GA-H4,cancer,Monocyte:CD16-CD14+_LYZ_CD36_CYBB_inflamm,236,M7,0.08109965635738832
SI-GA-H4,cancer,Monocyte:CD16-CD14low__PF4_PPBP_monocyte migration,41,M8,0.014089347079037801
SI-GA-H4,cancer,Monocyte:CD16+CD14-_Non_classical_ CDKN1C_RHOC,101,M9,0.03470790378006873
SI-GA-H4,cancer,NK_cell_PTGDS_IGFBP7_MYOM2_FCER1G_SPON2_FCGR3A,77,NK1,0.026460481099656357
SI-GA-H4,cancer,NK_cell:IL2_CD3D_STMN1_TRAC_LTB_IL7R_CD3G_HIST1H4C_CD16-,29,NK2,0.009965635738831614
SI-GA-H4,cancer,NK_cell:IL2_KLRC_TRDC_TRGC_IL32_LYAR_CD3D_CD3G_IL7R_CD16-,132,NK3,0.04536082474226804
SI-GA-H4,cancer,NK_cells_close_to_myeloid Pre-B_cell_CD34-,125,NKM,0.0429553264604811
SI-GA-H4,cancer,pDC_LILRA4_MZB1_ITM2C_IL3LA_TCF4_bcell_develop_PLD4_mac_stim_high_mito,38,Dp,0.013058419243986255
SI-GA-H4,cancer,T_cell:CD4+,94,CD4 1,0.03230240549828179
SI-GA-H4,cancer,T_cell:CD4+_central_memory_HIST1H4C,288,CD4 2,0.09896907216494845
SI-GA-H4,cancer,T_cell:CD4+_central_memory_JUN_FOS_JUNB_DUSP1,43,CD4 3,0.014776632302405498
SI-GA-H4,cancer,T_cell:CD4+_central_memory_RPS_RPL,0,TM3,0
SI-GA-H4,cancer,T_cell:CD4+_central_memory_SPINK2,6,CD4 4,0.002061855670103093
SI-GA-H4,cancer,T_cell:CD4+_effector_memory_KLRB1,142,CD4 5,0.04879725085910653
SI-GA-H4,cancer,T_cell:CD8+_GZMH_NKG7_CCL5,377,CD8 1,0.129553264604811
SI-GA-H4,cancer,T_cell:CD8+_GZMK_DUSP2_LYAR_CCL5,146,CD8 2,0.05017182130584193
SI-GA-H4,cancer,T_cell:CD8+_non_activated,208,CD8 3,0.07147766323024055
SI-GA-H4,cancer,T_cell:CD8+_PPBP_SAT1,29,CD8 4,0.009965635738831614
SI-GA-H4,cancer,T_cell:CD8+_S100B,19,CD8 5,0.006529209621993127
SI-GA-H4,cancer,T_cell:CD8low_TIMP1_PPBP,78,CD8 6,0.026804123711340205
SRR11038995,benign,b_cell_macrophage_precursor_or_follicular_LTB_IGKG_CD79a_MS4A1,37,BM,0.003516775971865792
SRR11038995,benign,B_cell:immature,473,B1,0.044957703640338374
SRR11038995,benign,B_cell:immature_IGLC3_IGLC2,257,B2,0.024427335804581313
SRR11038995,benign,B_cell:Memory_ITM2C_IGHA1_MZB1_JCHAIN,155,B3,0.01473243988214048
SRR11038995,benign,Dendritic_CD11_CD1_high_mito,86,Dm,0.008174127934606977
SRR11038995,benign,HSC_-G-CSF_LMNA,138,H1,0.01311662389506701
SRR11038995,benign,HSC_-G-CSF_S100A9_LYZ_S100A8_FCN1_CYBB_LST1,473,H2,0.044957703640338374
SRR11038995,benign,HSC_Bcell_mac_precuror?_IRF8,224,H3,0.021290751829673986
SRR11038995,benign,Mixed_CD3_close_to_myeloid_IL7R_CD7_CD247_CD14low,135,TM1,0.01283147989734816
SRR11038995,benign,Mixed_CD3_close_to_myeloid_TUBA4A,75,TM2,0.0071285999429712005
SRR11038995,benign,Monocyte:CD14+_GPR183,49,M1,0.004657351962741184
SRR11038995,benign,Monocyte:CD14+_IL1B_CXCL8_inflammatory,164,M2,0.015587871875297026
SRR11038995,benign,Monocyte:CD14+_small,15,M3,0.00142571998859424
SRR11038995,benign,Monocyte:CD14+_TBPL1,62,M4,0.005892975952856192
SRR11038995,benign,Monocyte:CD16-_C14orf2,0,M5,0
SRR11038995,benign,Monocyte:CD16-CD14+_APOBEC3A_C7orf26_JCHAIN,70,M6,0.00665335994677312
SRR11038995,benign,Monocyte:CD16-CD14+_LYZ_CD36_CYBB_inflamm,342,M7,0.032506415739948676
SRR11038995,benign,Monocyte:CD16-CD14low__PF4_PPBP_monocyte migration,60,M8,0.00570287995437696
SRR11038995,benign,Monocyte:CD16+CD14-_Non_classical_ CDKN1C_RHOC,183,M9,0.017393783860849728
SRR11038995,benign,NK_cell_PTGDS_IGFBP7_MYOM2_FCER1G_SPON2_FCGR3A,553,NK1,0.05256154357950765
SRR11038995,benign,NK_cell:IL2_CD3D_STMN1_TRAC_LTB_IL7R_CD3G_HIST1H4C_CD16-,157,NK2,0.014922535880619713
SRR11038995,benign,NK_cell:IL2_KLRC_TRDC_TRGC_IL32_LYAR_CD3D_CD3G_IL7R_CD16-,824,NK3,0.07831955137344358
SRR11038995,benign,NK_cells_close_to_myeloid Pre-B_cell_CD34-,498,NKM,0.04733390362132877
SRR11038995,benign,pDC_LILRA4_MZB1_ITM2C_IL3LA_TCF4_bcell_develop_PLD4_mac_stim_high_mito,62,Dp,0.005892975952856192
SRR11038995,benign,T_cell:CD4+,259,CD4 1,0.024617431803060547
SRR11038995,benign,T_cell:CD4+_central_memory_HIST1H4C,515,CD4 2,0.04894971960840224
SRR11038995,benign,T_cell:CD4+_central_memory_JUN_FOS_JUNB_DUSP1,170,CD4 3,0.016158159870734722
SRR11038995,benign,T_cell:CD4+_central_memory_RPS_RPL,0,TM3,0
SRR11038995,benign,T_cell:CD4+_central_memory_SPINK2,12,CD4 4,0.0011405759908753922
SRR11038995,benign,T_cell:CD4+_effector_memory_KLRB1,402,CD4 5,0.038209295694325636
SRR11038995,benign,T_cell:CD8+_GZMH_NKG7_CCL5,1712,CD8 1,0.16272217469822262
SRR11038995,benign,T_cell:CD8+_GZMK_DUSP2_LYAR_CCL5,598,CD8 2,0.05683870354529037
SRR11038995,benign,T_cell:CD8+_non_activated,629,CD8 3,0.05978519152171847
SRR11038995,benign,T_cell:CD8+_PPBP_SAT1,385,CD8 4,0.036593479707252165
SRR11038995,benign,T_cell:CD8+_S100B,421,CD8 5,0.04001520767987834
SRR11038995,benign,T_cell:CD8low_TIMP1_PPBP,326,CD8 6,0.030985647752114816
SRR7244582,benign,b_cell_macrophage_precursor_or_follicular_LTB_IGKG_CD79a_MS4A1,22,BM,0.006781750924784217
SRR7244582,benign,B_cell:immature,178,B1,0.054870530209617754
SRR7244582,benign,B_cell:immature_IGLC3_IGLC2,134,B2,0.04130702836004932
SRR7244582,benign,B_cell:Memory_ITM2C_IGHA1_MZB1_JCHAIN,43,B3,0.013255240443896425
SRR7244582,benign,Dendritic_CD11_CD1_high_mito,25,Dm,0.0077065351418002465
SRR7244582,benign,HSC_-G-CSF_LMNA,73,H1,0.02250308261405672
SRR7244582,benign,HSC_-G-CSF_S100A9_LYZ_S100A8_FCN1_CYBB_LST1,70,H2,0.02157829839704069
SRR7244582,benign,HSC_Bcell_mac_precuror?_IRF8,51,H3,0.015721331689272502
SRR7244582,benign,Mixed_CD3_close_to_myeloid_IL7R_CD7_CD247_CD14low,74,TM1,0.02281134401972873
SRR7244582,benign,Mixed_CD3_close_to_myeloid_TUBA4A,9,TM2,0.0027743526510480886
SRR7244582,benign,Monocyte:CD14+_GPR183,5,M1,0.0015413070283600493
SRR7244582,benign,Monocyte:CD14+_IL1B_CXCL8_inflammatory,46,M2,0.014180024660912454
SRR7244582,benign,Monocyte:CD14+_small,4,M3,0.0012330456226880395
SRR7244582,benign,Monocyte:CD14+_TBPL1,8,M4,0.002466091245376079
SRR7244582,benign,Monocyte:CD16-_C14orf2,0,M5,0
SRR7244582,benign,Monocyte:CD16-CD14+_APOBEC3A_C7orf26_JCHAIN,15,M6,0.004623921085080148
SRR7244582,benign,Monocyte:CD16-CD14+_LYZ_CD36_CYBB_inflamm,135,M7,0.04161528976572133
SRR7244582,benign,Monocyte:CD16-CD14low__PF4_PPBP_monocyte migration,15,M8,0.004623921085080148
SRR7244582,benign,Monocyte:CD16+CD14-_Non_classical_ CDKN1C_RHOC,40,M9,0.012330456226880395
SRR7244582,benign,NK_cell_PTGDS_IGFBP7_MYOM2_FCER1G_SPON2_FCGR3A,75,NK1,0.02311960542540074
SRR7244582,benign,NK_cell:IL2_CD3D_STMN1_TRAC_LTB_IL7R_CD3G_HIST1H4C_CD16-,40,NK2,0.012330456226880395
SRR7244582,benign,NK_cell:IL2_KLRC_TRDC_TRGC_IL32_LYAR_CD3D_CD3G_IL7R_CD16-,163,NK3,0.05024660912453761
SRR7244582,benign,NK_cells_close_to_myeloid Pre-B_cell_CD34-,132,NKM,0.040690505548705305
SRR7244582,benign,pDC_LILRA4_MZB1_ITM2C_IL3LA_TCF4_bcell_develop_PLD4_mac_stim_high_mito,20,Dp,0.006165228113440197
SRR7244582,benign,T_cell:CD4+,121,CD4 1,0.03729963008631319
SRR7244582,benign,T_cell:CD4+_central_memory_HIST1H4C,250,CD4 2,0.07706535141800247
SRR7244582,benign,T_cell:CD4+_central_memory_JUN_FOS_JUNB_DUSP1,86,CD4 3,0.02651048088779285
SRR7244582,benign,T_cell:CD4+_central_memory_RPS_RPL,0,TM3,0
SRR7244582,benign,T_cell:CD4+_central_memory_SPINK2,3,CD4 4,9.247842170160296e-4
SRR7244582,benign,T_cell:CD4+_effector_memory_KLRB1,150,CD4 5,0.04623921085080148
SRR7244582,benign,T_cell:CD8+_GZMH_NKG7_CCL5,506,CD8 1,0.155980271270037
SRR7244582,benign,T_cell:CD8+_GZMK_DUSP2_LYAR_CCL5,197,CD8 2,0.060727496917385944
SRR7244582,benign,T_cell:CD8+_non_activated,320,CD8 3,0.09864364981504316
SRR7244582,benign,T_cell:CD8+_PPBP_SAT1,39,CD8 4,0.012022194821208384
SRR7244582,benign,T_cell:CD8+_S100B,88,CD8 5,0.027127003699136867
SRR7244582,benign,T_cell:CD8low_TIMP1_PPBP,107,CD8 6,0.03298397040690505
